Digimon,type,specialty
AeroVeedramon,Vaccine,None
Agumon,Vaccine,None
Airdramon,Vaccine,None
Akatorimon,Data,Nature
Andromon,Vaccine,Machine
Angemon,Vaccine,None
Angewomon,Vaccine,None
Apemon,Vaccine,None
Baihumon,Data,None
Bakemon,Virus,Dark
Betamon,Virus,None
Birdramon,Vaccine,Fire
Biyomon,Vaccine,Nature
Blossomon,Data,Nature
BlueMeramon,Data,Fire
Boltmon,Data,Machine
Candlemon,Data,Fire
Centarumon,Data,None
ChaosLord,Virus,Dark
Cherrymon,Virus,Nature
ClearAgumon,Vaccine,None
Clockmon,Data,Machine
Coelamon,Data,Water
C-Pierrotmon,Virus,Dark
Crabmon,Data,Water
C-Seadramon,Data,Water
C-WarGreymon,Vaccine,None
Cyclonemon,Virus,None
Darkrizamon,Virus,Dark
Datamon,Virus,Machine
Deltamon,Virus,Dark
DemiDevimon,Virus,Dark
Deramon,Data,Nature
Devidramon,Virus,Dark
Devimon,Virus,Dark
Diaboromon,Virus,Dark
Digitamamon,Data,Dark
Dokunemmon,Virus,Nature
Dolphmon,Vaccine,Water
Dragomon,Virus,Water
Drimogemon,Data,Machine
D-Tyrannomon,Virus,Dark
Elecmon,Data,None
Etemon,Virus,None
ExTyrannomon,Virus,Dark
Flamedramon,Vaccine,Fire
Flarerizamon,Data,Fire
Floramon,Data,Nature
Flymon,Virus,Nature
Frigimon,Vaccine,Water
Gabumon,Data,None
Garbagemon,Virus,Dark
Garudamon,Vaccine,Nature
Garurumon,Vaccine,None
Gatomon,Vaccine,None
Gazimon,Virus,None
Gekomon,Virus,Water
Gesomon,Virus,Water
Gigadramon,Virus,Machine
Giromon,Vaccine,Machine
Gizamon,Virus,None
Goburimon,Virus,None
Gomamon,Vaccine,Water
Gotsumon,Data,Machine
GranKuwagamon,Virus,Nature
Greymon,Vaccine,None
Gryphonmon,Data,Nature
Guardian-Data,Data,None
Guardian-Vaccine,Vaccine,None
Guardian-Virus,Virus,None
Guardromon,Virus,Machine
Gururumon,Vaccine,None
Hagurumon,Virus,Machine
H-Kabuterimon,Vaccine,Nature
Hyogamon,Virus,Water
IceDevimon,Virus,Water
Icemon,Data,Water
I-dramon,Vaccine,None
Ikkakumon,Vaccine,Water
Jijimon,Vaccine,None
J-Mojyamon,Data,None
Kabuterimon,Vaccine,Nature
Kimeramon,Data,Dark
Kiwimon,Data,Nature
Kokatorimon,Data,Nature
Kunemon,Virus,Nature
Kuwagamon,Virus,Nature
Left Hand,Virus,None
Leomon,Vaccine,None
Lillymon,Data,Nature
Machinedramon,Virus,Dark
MagnaAngemon,Vaccine,None
Magnadramon,Vaccine,None
Mamemon,Data,Machine
Mammothmon,Vaccine,None
MarineAngemon,Vaccine,Water
MarineDevimon,Virus,Water
MasterTyrannomon,Vaccine,Machine
Megadramon,Virus,Machine
MegaSeadramon,Data,Water
Meramon,Data,Fire
MetalEtemon,Virus,Machine
MetalGreymon,Vaccine,Machine
MetalMamemon,Data,Machine
MetalTyrannomon,Virus,Machine
Meteormon,Data,Machine
M-Garurumon,Data,Machine
M-Kabuterimon,Vaccine,Nature
Mojyamon,Vaccine,None
Monochromon,Data,None
Monzaemon,Vaccine,None
MoriShellmon,Data,Nature
M-Seadramon,Data,Machine
MudFrigimon,Data,None
Mushroomon,Virus,Nature
Myotismon,Virus,Dark
Nanimon,Virus,None
N-Drimogemon,Data,Machine
NeoCrimson,Virus,Dark
Ninjamon,Data,Nature
No Rookie Form,Data,None
Numemon,Virus,Dark
Octomon,Virus,Water
Ogremon,Virus,None
Okuwamon,Virus,Nature
Omnimon,Vaccine,None
Otamamon,Virus,Water
Overlord GAIA,Virus,None
Overlord GAIA (2),Virus,None
Palmon,Data,Nature
Panjyamon,Vaccine,None
Patamon,Data,None
Penguinmon,Vaccine,Water
Phantomon,Virus,Dark
Phoenixmon,Vaccine,Nature
Piddomon,Vaccine,None
Pierrotmon,Virus,Dark
Piximon,Data,None
P-Mamemon,Data,Machine
Preciomon,Data,Water
P-Sukamon,Virus,Machine
Pukumon,Virus,Water
Pumpkinmon,Data,Dark
Puppetmon,Virus,Nature
Raidramon,Vaccine,None
Raremon,Virus,Dark
RedVegiemon,Virus,Nature
Right Hand,Virus,None
Rosemon,Data,Nature
Saberdramon,Vaccine,None
SaberLeomon,Data,None
SandYanmamon,Data,Nature
Scorpiomon,Data,Water
Seadramon,Data,Water
Seraphimon,Vaccine,None
Shellmon,Data,Water
ShimaUnimon,Vaccine,None
ShogunGekomon,Virus,Water
SkullGreymon,Virus,Dark
SkullMeramon,Data,Fire
S-Mammothmon,Vaccine,Dark
SnowAgumon,Vaccine,Water
SnowGoburimon,Virus,Water
Soulmon,Virus,Dark
Starmon,Data,None
Sukamon,Virus,Dark
Syakomon,Virus,Water
Tankmon,Data,Machine
Tapirmon,Vaccine,Dark
Tekkamon,Virus,Machine
Tentomon,Vaccine,Nature
Tinmon,Data,Machine
Togemon,Data,Nature
Tortomon,Vaccine,Water
ToyAgumon,Vaccine,None
Triceramon,Data,None
Tsukaimon,Virus,Dark
Tuskmon,Virus,None
Tyrannomon,Data,None
Unimon,Vaccine,None
Vademon,Virus,None
Veedramon,Vaccine,None
Veemon,Vaccine,None
Vegiemon,Virus,Nature
Vermilimon,Data,None
V-Myotismon,Virus,Dark
WarGreymon,Vaccine,None
WaruMonzaemon,Virus,Dark
WaruSeadramon,Virus,Water
WereGarurumon,Vaccine,None
Whamon,Vaccine,Water
Wizardmon,Data,Dark
Woodmon,Virus,Nature
Yanmamon,Data,Nature
Zudomon,Vaccine,Water
