tech,target,specialty,ap,counter
Air Attack,1,None,20,
Alien Ray,1,Machine,37.5,
Beast King Fist,1,None,15,yes
Big Bang Boom,3,Machine,30,
Black Pearl Shot,1,None,20,
Blaze Blast,1,Fire,25,
Blind Attack,1,None,60,
Blue Blaster,1,Fire,10,
Bolt Strike,1,Water,10,
Boom Bubble,1,None,12.5,
Brown Stinger,1,Nature,20,
Buffalo Breath,1,Dark,22.5,yes
Chaos Cannon,1,Machine,25,
Chrono Breaker,1,Machine,20,
Concert Crush,1,None,27.5,
Coral Crusher,1,Water,20,
Crimson Claw,1,Dark,35,
Dark Shot,1,Machine,40,
Darkness Gear,1,Machine,17.5,
Darkside Attack,1,Machine,32.5
Demi Dart,1,Darkness,15,
Digital Bomb,3,Machine,22.5,
Duo Scissor Claw,3,None,20,
Electric Shock,1,None,17.5,
Electro Shocker,1,Nature,22.5,
Electro Thread,1,Nature,17.5,
Energetic Bomb,1,Machine,30, yes
Energy Blast,3,Machine,37.5,
E-Stun Blast,1,Dark,15,
Evil Charm,1,Dark,20,
Evil Touch,1,Dark,22.5,
Evil Wind,3,Water,20,
Fire Blast,3,Fire,17.5,
Fire Blast II,1,Machine,37.5,
Fire Tornado,3,None,45,
Fireball,1,Fire,30,
Fist Of Fate,1,None,27.5,
Flame Bomber,1,Fire,15,
Flaming Rocket,1,Fire,30,
Flower Cannon,1,Nature,35,
Fossil Bite,1,None,20,
Freeze Breath,3,Water,37.5,
Friendly Fire,1,Fire,17.5,
Giga Blaster,1,Machine,37.5,
Giga Cannon,1,Machine,30,
Giga Scissor Claw,1,Nature,30,
GigaByte Wing,1,Machine,32.5,
Grisly Wing,3,Dark,30,
Hail Storm,1,Water,17.5,
Harpoon Torpedo,1,Machine,25,
Heaven's Arrow,1,None,35,
Horn Buster,1,None,32.5,
Howling Blaster,1,Fire,27.5,
Howling Crusher,1,None,45,
Hydro Blaster,1,Water,25,
Hyper Cannon,1,Machine,25,
Hyper Heat,1,Fire,22.5,
Ice Blast,3,Water,15,
Icicle Shot,1,Water,25,
Iron Drill Spin,1,Machine,25,
Junk Chunker,1,Dark,30,
Legendary Blade,3,None,40,
Lightning Blade,3,None,20,
Lightning Blast,1,Nature,40,
Lightning Paw,1,None,25,
Lightning Spear,1,Nature,35,
Magical Tail,1,None,37.5,
Marching Fishes,1,Water,15,
Mega Bone Stick,3,None,12.5,
Mega Fire,1,None,42.5,
Metal Fireball,3,Machine,25,
Meteor Stream,1,Fire,20, yes
Meteor Wing,3,Fire,15,
Musical Fist,1,None,37.5,
Needle Spray,1,Nature,22.5,yes
Needle Squall,3,Machine,42.5,
Ninja Flower,3,Nature,25,
Ninja Knife Throw,1,None,22.5, yes
Nova Blast,1,Fire,27.5,
Ocean Love,1,None,35,
Party Time,1,Dark,20,
Pepper Breath,1,Fire,17.5,
Pit Pelter,3,Nature,27.5,
Poison Ivy,1,Nature,15,
Pretty Attack,1,None,30,
Protect Grenade,1,Machine,20,
Pulse Blast,1,None,20,
Pummel Peck,1,Machine,25,
Pummel Whack,1,None,30, yes
Puppet Pummel,1,Machine,50,
Rain of Pollen,1,Nature,15,
Rock Fist,1,None,20,
Rose Spear,3,Nature,35,
Royal Smasher,1,Nature,32.5,
Sad Water Blast,3,Water,45,
S-bone Crusher,3,None,40,
Scissor Claw,1,None,20,
Scissor Magic,1,None,15,
Shadow Scythe,1,Dark,37.5,
Slamming Tusk,1,None,22.5,
Smiley Bomb,1,Machine,32.5, yes
Smiley Warhead,1,Machine,40, yes
Solar Ray,1,Machine,20,
Sonic Crusher,1,None,20,
Spinning Needle,1,None,22.5,
Spiral Saw,1,None,17.5,
Spiral Twister,1,Fire,12.5,
Spurting Ink,1,Water,25,
S-Thunder Smack,1,Nature,17.5,
Strong Carapace,3,None,10,
Stun Bubble,1,Water,15,
Stun Flame Shot,1,Fire,20,
SubZero Ice Punch,1,Water,22.5,
Super Shocker,1,Nature,12.5,
Super Slap,1,None,15,
Tail Blade,1,None,30, yes
Tentacle Claw,1,None,35,
Terra Force,1,None,60,
Thunder Ball,1,Nature,22.5, yes
Thunder Ray,1,Nature,25,
Tidal Wave,3,Wave,20,
Tomahawk Crunch,3,Machine,37.5,
Toy Flame,1,None,15,
Trick Or Treat,3,Nature,30,
Tri-Horn Attack,1,None,35,
Triple Forces,3,Dark,15,
Trump Sword,1,None,45,
Tusk Crusher,1,None,32.5,
Twig Tap,1,Nature,20,
Vee Head Butt,1,None,20,
V-Nova Blast,1,None,22.5,
Volcanic Strike,1,Fire,30,
Vulcan's Hammer,3,None,22.5,
V-Wing Blade,1,None,32.5,
Waking Dream,1,Dark,10,
Wing Blade,1,Nature,35,
Wolf Claw,1,None,35,
X-Scissor Claw,1,None,55,
